"artist","track","album","label"
"Barkmarket","Pitbull","Vegas Throat / Triple X Records",""
"Geese","Cowboy Nudes","3D Country / Partisan Records / Play It Again Sam",""
"TV Priest","The Big Curve","Uppers / Sub Pop Records",""
"Neutral Milk Hotel","King of Carrot Flowers Pt. 1","In the Aeroplane Over the Sea / Merge Records",""
"Neutral Milk Hotel","King of Carrot Flowers Pts. 2 & 3","In the Aeroplane Over the Sea / Merge Records",""
"Neutral Milk Hotel","Two-Headed Boy","In the Aeroplane Over the Sea / Merge Records",""
"Cameron Winter","Love Takes Miles","Heavy Metal / Partisan Records / Play It Again Sam",""
"Jesse Welles","Masks Off","Masks Off",""
"Westside Cowboy","Kick Stones (The Boys)","It Goes On / Island Records",""
"Tim Buckley","Song to the Siren","Starsailor / Straight Records",""
"The Budos Band","Old Engine Oil","V / Daptone Records",""
"Car Seat Headrest","(Joe Gets Kicked Out of School for Using) Drugs With Friends (But Says This Isn't a Problem)","Teen of Denial: Joe's Story / Matador Records",""
"Car Seat Headrest","Destroyed By Hippie Powers","Teen of Denial: Joe's Story / Matador Records",""
"Caroline Rose","Yip Yip Yow","Yip Yip Yow / SUCK Records",""
"Nina Winder-Lind","This is Our Life","This is Our Life / Transgressive",""
"Dread Spectre Council","Where Would the Light Go","Thetans / Handmade Records / Dread Spectre Council",""
"Calibro 35","Riots","Riots / Record Kicks",""
"Car Seat Headrest","Drunk Drivers/Killer Whales","Teen of Denial: Joe's Story / Matador Records",""
"Helado Tropical, Helado Negro & Reyna Tropical","Tocando","Tocando / Psychic Hotline",""
"Beth Gibbons","Sunday Morning","HELP(2) / War Child Records",""
"Sluice","Beadie","Companion / Mtn Laurel Recording Co.",""
"Iceage","Star","For Love of Grace & the Hereafter / Mexican Summer",""
"Frankie Cosmos","Fool (Demo)","Fool (Demo) / Sub Pop",""
"ear","Ne Plus Ultra","Ne Plus Ultra / A24 Music",""
"Yard Act","Redeemer","You're Gonna Need A Little Music / Island Records",""
"Boards of Canada","Prophecy At 1420 MHz","Prophecy At 1420 MHz / Warp Records",""
"Novablood","I Used To Live In A House","You're New To This Aren't You? / Mint 400 Records",""
"Mandy, Indiana","ist halt so","URGH / Sacred Bones Records",""
"Aldous Harding","One Stop","Train on the Island / 4AD / Flying Nun",""
"Bleachers","i'm not joking","i'm not joking / Dirty Hit",""
"BODEGA","Pick up the Check","Pick up the Check / Chrysalis Records",""
"Suki Waterhouse","Tiny Raisin","Tiny Raisin / Confidence River, Inc. / Island Records",""
"Suki Waterhouse","Back in Love","Back in Love / Confidence River, Inc. / Island Records",""
"Gelli Haha","Klouds Will Carry Me To Sleep","Switcheroo / Innovative Leisure",""
"Little Barrie","More Bad Miles Of Road","Gravity Freeze / Easy Eye Sound",""
"Thee Oh Sees","Joro","Cara Maluco / Deathgod Records",""
"Nightmares On Wax & Adrian Sherwood","You Bliss","In A Space Outta Dub / Warp Records",""
"Lava La Rue","Scratches","Starface / Dirty Hit",""
"Mitski","Where's My Phone?","Nothing's About To Happen To Me / Dead Oceans",""
